image,group
02wEIH1uspxsk1E7VW-KRA==.0.png,1
3PuDl5gc8C7FWTFXB8kmqw==.0.png,1
_Di4yk2H64QEBkEncRGMhg==.0.png,1
economist_daily_chart_127.png,1
economist_daily_chart_184.png,1
economist_daily_chart_200.png,1
economist_daily_chart_202.png,1
economist_daily_chart_267.png,1
economist_daily_chart_319.png,1
economist_daily_chart_513.png,1
treasuryI01_1.png,1
treasuryJ02_2.png,1
treasuryK03_3.png,1
treasuryL03_2.png,1
whoB04_1.png,1
whoB08_1.png,1
whoJ01_1.png,1
whoN06_1.png,1
whoN27.png,1
wsj593.png,1
3lG2Suf1vlUNqfO9pvq1kw.0.png,2
143.png,2
79359.png,2
__uID4lztqrYTniGMJdDWQ.0.png,2
economist_daily_chart_76.png,2
economist_daily_chart_100.png,2
economist_daily_chart_244.png,2
treasuryD10.png,2
treasuryL16.png,2
whoB13_1.png,2
whoB24_1.png,2
whoB26_1.png,2
whoB34_1.png,2
whoJ23.png,2
whoJ33.png,2
whoK06_2.png,2
whoN32_1.png,2
whoO22_3.png,2
wsj135.png,2
wsj277.png,2
0yflU4o2ze89IvWqYRKGKA==.0.png,3
_1IiNGPpj1s86KzEjQ93YQ==.0.png,3
economist_daily_chart_20.png,3
economist_daily_chart_162.png,3
economist_daily_chart_207.png,3
economist_daily_chart_209.png,3
economist_daily_chart_215.png,3
economist_daily_chart_238.png,3
economist_daily_chart_250.png,3
treasuryA8.png,3
treasuryK04.png,3
whoJ24_2.png,3
whoJ44.png,3
whoL06.png,3
whoN19_1.png,3
whoQ01.png,3
whoQ42_1.png,3
wsj11.png,3
wsj76.png,3
wsj340.png,3
1tVCmxZoFO6hq5H_rC0j_w==.0.png,4
8XT9tstaX3P7OjmkeT1xTg==.0.png,4
129462.png,4
_Fbq9iW1SCuAYaHmYUXAUA==.0.jpg,4
economist_daily_chart_84.png,4
economist_daily_chart_95.png,4
economist_daily_chart_225.png,4
economist_daily_chart_235.png,4
economist_daily_chart_384.png,4
economist_daily_chart_447.png,4
treasuryG01_2.png,4
treasuryL02_2.png,4
treasuryL15_2.png,4
whoB13_2.png,4
whoB14_1.png,4
whoK01.png,4
whoL05.png,4
whoN36.png,4
whoQ06_2.png,4
wsj320.png,4
0BmWZbQdEukHi79Lit01oQ==.0.png,5
3LY3OX8bU7uKhgcRPgDRxw==.0.png,5
3iRYXLvZ8oVQDMLR-CebnQ==.0.png,5
economist_daily_chart_150.png,5
economist_daily_chart_194.png,5
economist_daily_chart_242.png,5
economist_daily_chart_243.png,5
economist_daily_chart_257.png,5
economist_daily_chart_260.png,5
economist_daily_chart_262.png,5
treasuryD07_3.png,5
whoB10_1.png,5
whoF03.png,5
whoJ36_2.png,5
whoJ43_1.png,5
whoK21.png,5
whoQ12_2.png,5
wsj3.png,5
wsj86.png,5
wsj265.png,5
1EMgXSmCnY1PeksJZMhlHA==.0.png,6
4bm2MTzbrTpK41Fhy3Oh2g==.0.png,6
79027.png,6
economist_daily_chart_189.png,6
economist_daily_chart_211.png,6
economist_daily_chart_229.png,6
economist_daily_chart_441.png,6
economist_daily_chart_451.png,6
economist_daily_chart_473.png,6
economist_daily_chart_523.png,6
economist_daily_chart_531.png,6
treasuryI02_1.png,6
treasuryI02_3.png,6
whoB17_1.png,6
whoC02_2.png,6
whoF06.png,6
whoJ38_2.png,6
whoN35_1.png,6
whoO15.png,6
wsj88.png,6
1_WnR3D8lP-2AK6XsHM74Q==.0.png,7
2yyamO0gVGUftCeTJ9WU2Q==.0.png,7
economist_daily_chart_191.png,7
economist_daily_chart_206.png,7
economist_daily_chart_236.png,7
economist_daily_chart_336.png,7
economist_daily_chart_420.png,7
treasuryJ01_2.png,7
treasuryL07_2.png,7
whoB19_1.png,7
whoB20_1.png,7
whoC13.png,7
whoI09_1.png,7
whoJ22_1.png,7
whoJ40_2.png,7
whoQ51_1.png,7
wsj72.png,7
wsj107.png,7
wsj151.png,7
wsj553.png,7
0Gc4n4lYDn4V19CtJzo_eg==.0.png,8
4dCSXyCVYOxhf_SLYhGkIw==.0.png,8
economist_daily_chart_93.png,8
economist_daily_chart_197.png,8
economist_daily_chart_198.png,8
economist_daily_chart_208.png,8
economist_daily_chart_218.png,8
economist_daily_chart_253.png,8
economist_daily_chart_355.png,8
treasuryL02_1.png,8
whoB05_1.png,8
whoB11_1.png,8
whoC22.png,8
whoF15.png,8
whoJ10.png,8
whoJ13_1.png,8
whoJ46_1.png,8
whoM01.png,8
wsj8.png,8
wsj342.png,8
1JwHfqlSB3z3qu78N-3Law==.0.png,9
168.png,9
economist_daily_chart_77.png,9
economist_daily_chart_137.png,9
economist_daily_chart_145.png,9
economist_daily_chart_264.png,9
economist_daily_chart_376.png,9
economist_daily_chart_377.png,9
economist_daily_chart_532.png,9
treasuryD05_2.png,9
treasuryL01.png,9
whoB25_1.png,9
whoB36_1.png,9
whoH01_1.png,9
whoJ24_1.png,9
whoK04_1.png,9
whoM05.png,9
wsj56.png,9
wsj60.png,9
wsj180.png,9
2K-S52z1bcV0xQD4mnuCbw==.0.jpg,10
129470.png,10
JVoKAJWwEgervxjbg2tqMA==.0.jpg,10
economist_daily_chart_65.png,10
economist_daily_chart_203.png,10
economist_daily_chart_223.png,10
economist_daily_chart_247.png,10
economist_daily_chart_308.png,10
economist_daily_chart_387.png,10
treasuryB02.png,10
treasuryB06.png,10
treasuryB13.png,10
treasuryJ03_3.png,10
treasuryK05_2.png,10
whoB22_1.png,10
whoH12_1.png,10
whoH13_3.png,10
whoK08.png,10
wsj128.png,10
wsj168.png,10